Date,Air Quality Index,CO,NO,NO2,O3,SO2,PM2_5,PM10,NH3
1672509600,5,1028.06,105.5,135.72,0.0,602.72,57.28,58.68,0.0
1672513200,5,1148.22,114.44,149.43,0.0,640.87,62.87,64.41,0.0
1672516800,5,1134.87,102.82,150.8,0.0,602.72,56.66,58.26,0.0
1672520400,5,1054.76,84.94,143.95,0.0,518.8,46.17,47.7,0.0
1672524000,5,974.66,73.31,137.09,0.0,453.95,37.1,38.55,0.0
1672527600,5,961.3,74.21,131.61,0.0,438.69,32.36,33.79,0.0
1672531200,5,934.6,73.31,127.49,0.0,438.69,30.15,31.44,0.0
1672534800,5,867.84,59.9,122.01,0.0,392.91,28.34,29.46,0.0
1672538400,4,761.03,48.28,113.79,0.0,339.51,24.45,25.47,0.0
1672542000,4,674.25,41.57,105.56,0.04,297.55,19.35,20.23,0.02
1672545600,3,574.11,33.08,93.22,3.44,244.14,13.81,14.56,0.09
1672549200,3,520.71,33.97,78.83,12.34,217.44,11.26,11.94,0.18
1672552800,3,507.35,38.44,67.86,20.21,215.53,11.02,11.66,0.25
1672556400,3,520.71,46.49,60.32,27.89,240.33,12.4,13.18,0.3
1672560000,3,494.0,43.36,60.32,29.33,238.42,12.65,13.53,0.3
1672563600,3,433.92,32.63,56.21,32.19,202.18,10.8,11.62,0.27
1672567200,3,460.62,33.97,61.01,22.71,181.2,18.74,19.87,0.58
1672570800,3,514.03,39.34,70.6,7.51,171.66,30.27,32.07,1.03
1672574400,3,500.68,38.44,69.23,0.2,164.03,35.86,38.46,1.31
1672578000,3,440.6,34.87,62.38,0.06,160.22,38.54,41.5,1.42
1672581600,3,423.91,36.21,58.26,0.04,156.4,43.84,47.07,1.49
1672585200,3,433.92,41.13,56.89,0.02,154.5,49.67,53.35,1.55
1672588800,3,403.88,35.32,54.84,0.06,129.7,45.86,49.65,1.41
1672592400,3,357.15,25.03,52.09,0.2,105.86,36.2,39.48,1.17
1672596000,3,323.77,16.76,50.04,0.54,92.51,25.4,27.94,0.95
1672599600,3,320.43,15.42,50.04,0.61,103.95,18.04,20.1,0.81
1672603200,3,323.77,15.65,50.04,0.6,114.44,14.84,16.67,0.74
1672606800,3,327.11,16.32,50.04,0.56,122.07,13.32,14.96,0.71
1672610400,5,761.03,102.82,80.88,0.0,526.43,23.77,25.95,1.55
1672614000,5,847.82,118.02,85.68,0.0,572.2,27.25,29.63,1.73
1672617600,5,881.2,125.17,87.74,0.0,579.83,29.42,31.98,1.8
1672621200,5,767.71,104.61,78.14,0.0,415.8,34.96,37.59,1.69
1672624800,4,700.95,95.67,69.23,0.0,293.73,50.12,53.32,1.88
1672628400,4,727.65,101.92,67.86,0.01,263.21,66.37,70.52,2.22
1672632000,4,667.57,91.2,63.75,0.41,226.97,67.09,71.59,2.12
1672635600,5,727.65,103.71,65.12,1.33,255.58,75.11,79.97,2.31
1672639200,5,988.01,148.42,80.88,1.88,370.03,96.33,102.41,2.91
1672642800,5,1228.33,164.51,113.79,3.26,694.27,58.81,67.89,2.56
1672646400,5,988.01,126.96,94.59,4.74,572.2,41.63,50.8,1.92
1672650000,5,854.49,106.39,85.68,4.83,503.54,32.91,41.02,1.57
1672653600,5,827.79,101.92,85.0,8.76,488.28,29.9,36.88,1.46
1672657200,5,767.71,84.94,89.11,2.68,442.5,26.22,32.5,1.39
1672660800,5,640.87,61.69,78.14,0.09,358.58,19.95,25.53,1.27
1672664400,4,620.84,67.06,63.06,0.0,293.73,30.24,35.3,1.52
1672668000,4,634.19,78.68,58.26,0.0,251.77,49.65,55.2,1.87
1672671600,4,587.46,77.78,53.47,0.0,221.25,57.93,63.84,1.95
1672675200,4,487.33,61.69,48.67,0.0,185.01,51.84,57.43,1.74
1672678800,3,417.23,48.28,46.61,0.0,146.87,42.06,46.74,1.46
1672682400,3,387.19,40.23,47.3,0.01,137.33,31.99,35.67,1.25
1672686000,3,440.6,40.23,61.01,0.02,230.79,16.89,19.7,0.99
1672689600,3,403.88,31.74,59.63,0.07,200.27,14.07,16.38,0.87
1672693200,3,367.16,24.81,57.58,0.2,175.48,11.95,13.85,0.77
1672696800,3,343.8,21.23,54.84,0.27,162.12,12.85,14.63,0.79
1672700400,3,317.1,15.65,51.41,0.8,146.87,13.58,15.31,0.83
1672704000,3,297.07,9.72,50.04,2.32,129.7,13.84,15.51,0.83
1672707600,3,313.76,11.51,51.41,1.92,129.7,21.58,23.53,1.01
1672711200,3,350.48,18.1,53.47,0.76,141.14,30.06,32.54,1.23
1672714800,3,367.16,21.68,53.47,0.59,143.05,33.37,36.16,1.31
1672718400,3,323.77,15.2,47.98,8.94,101.09,24.53,26.78,1.0
1672722000,3,320.43,16.32,42.5,25.39,97.27,20.48,22.34,0.88
1672725600,3,343.8,21.01,40.44,35.76,108.72,19.22,20.92,0.85
1672729200,3,363.83,23.02,43.53,41.13,135.42,11.28,12.48,0.59
1672732800,3,407.22,30.4,50.72,36.84,158.31,12.24,13.53,0.63
1672736400,3,460.62,38.0,60.32,27.54,188.83,13.58,14.95,0.66
1672740000,3,453.95,22.8,71.97,26.11,190.73,10.7,11.83,0.49
1672743600,3,467.3,12.85,84.31,13.59,183.11,10.29,11.52,0.5
1672747200,3,440.6,5.59,87.05,5.5,169.75,9.51,10.84,0.52
1672750800,3,417.23,5.09,82.25,4.92,165.94,9.25,10.54,0.54
1672754400,3,397.21,4.86,78.14,5.19,165.94,9.24,10.52,0.55
1672758000,3,363.83,2.6,69.92,10.37,156.4,8.37,9.58,0.5
1672761600,3,360.49,4.25,68.55,7.15,160.22,11.39,12.76,0.58
1672765200,3,377.18,8.05,66.49,2.46,162.12,14.64,16.29,0.64
1672768800,3,363.83,5.48,61.69,4.56,143.05,12.34,13.98,0.56
1672772400,3,327.11,1.08,50.72,19.85,114.44,8.33,9.79,0.42
1672776000,3,320.43,0.19,43.87,36.84,103.95,6.15,7.35,0.34
1672779600,3,330.45,0.15,43.87,40.77,106.81,5.36,6.42,0.29
1672783200,2,257.02,0.01,18.68,75.1,46.73,2.31,2.65,0.1
1672786800,2,263.69,0.01,19.54,72.96,49.11,2.38,2.66,0.11
1672790400,2,280.38,0.02,23.65,65.8,60.08,2.88,3.18,0.14
1672794000,3,310.42,0.07,33.93,52.93,87.74,4.48,4.86,0.2
1672797600,3,360.49,0.26,49.35,37.55,125.89,6.99,7.53,0.3
1672801200,3,397.21,0.75,59.63,26.46,154.5,8.83,9.53,0.38
1672804800,3,407.22,3.63,58.26,24.32,158.31,9.11,9.91,0.41
1672808400,3,413.89,9.16,52.78,28.97,160.22,8.75,9.56,0.42
1672812000,3,427.25,14.31,49.35,33.26,167.85,8.53,9.34,0.42
1672815600,3,433.92,16.54,45.24,35.05,162.12,8.21,9.14,0.4
1672819200,3,440.6,17.43,43.87,33.62,162.12,8.06,9.1,0.39
1672822800,3,427.25,16.54,44.55,31.47,160.22,7.74,8.69,0.38
1672826400,3,460.62,22.35,56.89,18.24,179.29,11.13,12.23,0.53
1672830000,3,447.27,22.8,63.06,5.1,165.94,12.78,14.13,0.63
1672833600,3,380.52,15.65,57.58,0.96,127.79,11.24,12.63,0.58
1672837200,3,340.46,12.07,47.98,1.3,94.41,14.87,16.46,0.65
1672840800,3,340.46,13.75,43.87,1.02,89.65,21.36,23.3,0.79
1672844400,3,340.46,14.98,44.55,0.82,91.55,24.96,27.12,0.86
1672848000,3,317.1,11.06,45.93,1.81,85.83,23.63,25.77,0.82
1672851600,2,297.07,6.03,46.61,4.07,78.2,18.85,20.6,0.71
1672855200,2,280.38,2.43,44.55,8.76,57.7,12.45,13.71,0.47
1672858800,3,287.06,1.63,48.67,12.7,99.18,4.61,5.19,0.29
1672862400,3,290.39,1.63,47.98,12.16,95.37,4.04,4.57,0.27
1672866000,3,290.39,1.77,47.98,11.44,95.37,3.81,4.3,0.27
1672869600,3,313.76,5.48,52.78,4.56,106.81,4.95,5.55,0.34
1672873200,3,347.14,16.32,50.72,0.42,122.07,6.59,7.38,0.42
1672876800,3,363.83,25.7,47.3,0.08,135.42,7.92,8.88,0.47
1672880400,3,393.87,36.21,45.24,0.02,107.77,16.92,18.38,0.59
1672884000,3,447.27,49.17,46.61,0.0,110.63,33.11,35.5,0.96
1672887600,3,494.0,56.77,50.04,0.05,158.31,45.17,48.52,1.5
1672891200,3,433.92,43.36,48.67,3.53,154.5,40.29,43.89,1.39
1672894800,3,423.91,42.47,43.53,13.77,125.89,37.03,40.29,1.11
1672898400,3,453.95,49.17,40.44,23.96,105.86,36.23,39.14,0.8
1672902000,3,520.71,61.69,45.24,27.89,200.27,25.37,27.54,0.57
1672905600,3,560.76,70.63,50.04,26.82,221.25,25.48,27.71,0.52
1672909200,3,520.71,63.48,50.04,25.39,217.44,20.99,22.98,0.5
1672912800,3,407.22,37.1,47.98,26.46,181.2,11.84,13.03,0.39
1672916400,3,453.95,36.21,64.43,11.27,207.9,13.06,14.33,0.53
1672920000,4,567.44,48.73,82.94,0.3,263.21,17.36,19.02,0.78
1672923600,3,734.33,80.47,87.74,0.0,190.73,37.82,40.37,1.0
1672927200,4,807.76,101.03,82.94,0.0,122.07,62.04,65.74,1.06
1672930800,4,674.25,84.94,67.17,0.0,123.98,62.11,66.4,1.25
1672934400,3,447.27,46.49,50.72,0.01,122.07,43.06,46.87,1.2
1672938000,3,337.12,25.26,43.53,0.14,99.18,28.93,31.84,0.9
1672941600,2,293.73,13.52,39.41,0.7,75.34,17.64,19.67,0.57
1672945200,2,277.04,7.71,37.36,1.9,61.99,11.96,13.44,0.38
1672948800,2,277.04,6.09,37.7,2.59,55.79,10.55,11.82,0.3
1672952400,2,290.39,7.38,38.73,1.88,55.31,10.94,12.18,0.27
1672956000,2,317.1,13.63,39.76,0.5,57.22,13.01,14.34,0.24
1672959600,2,353.81,21.9,40.78,0.12,60.08,15.0,16.49,0.27
1672963200,2,407.22,29.95,45.93,0.03,73.43,17.64,19.48,0.35
1672966800,3,514.03,50.07,53.47,0.0,103.95,28.21,30.78,0.47
1672970400,3,640.87,77.78,56.89,0.0,103.0,46.9,50.28,0.74
1672974000,4,774.38,103.71,61.01,0.02,107.77,66.46,70.83,0.92
1672977600,4,754.36,101.03,58.95,1.32,98.23,67.7,72.38,0.82
1672981200,4,781.06,109.08,56.89,4.47,109.67,71.67,76.47,0.79
1672984800,5,947.95,141.26,61.01,7.15,141.14,88.46,93.82,0.79
1672988400,5,921.25,126.96,76.09,13.05,488.28,47.96,53.1,0.0
1672992000,5,767.71,98.35,65.12,15.2,373.84,34.5,39.62,0.0
1672995600,4,627.52,70.63,58.95,15.74,286.1,23.86,28.37,0.0
1672999200,3,554.08,46.49,65.12,8.23,238.42,17.93,21.89,0.0
1673002800,3,473.98,26.15,63.06,4.43,188.83,12.92,16.24,0.0
1673006400,3,403.88,11.29,60.32,1.56,150.68,9.61,12.5,0.03
1673010000,3,447.27,27.72,54.84,0.1,119.21,19.97,23.35,0.47
1673013600,3,540.73,57.22,48.67,0.0,169.75,38.05,42.55,1.03
1673017200,3,594.14,75.1,46.61,0.0,234.6,49.29,54.71,1.42
1673020800,4,540.73,70.63,45.24,0.0,242.23,50.98,56.52,1.35
1673024400,3,447.27,54.09,42.84,0.0,204.09,43.47,47.98,0.89
1673028000,3,363.83,38.0,39.76,0.01,152.59,29.53,32.59,0.48
1673031600,3,297.07,23.25,37.01,0.12,94.41,18.46,20.5,0.19
1673035200,2,263.69,12.96,36.67,0.62,68.66,12.58,14.02,0.15
1673038800,2,253.68,6.76,36.67,2.3,59.13,9.78,10.77,0.18
1673042400,2,263.69,4.81,37.7,3.31,57.22,9.21,10.01,0.23
1673046000,2,273.7,3.41,38.39,5.36,51.02,8.26,9.08,0.27
1673049600,2,277.04,1.62,38.39,11.0,46.73,7.36,8.16,0.31
1673053200,3,303.75,2.12,45.93,10.28,81.06,7.12,7.86,0.19
1673056800,3,337.12,6.87,51.41,3.13,98.23,9.48,10.41,0.26
1673060400,3,380.52,17.21,52.09,0.5,127.79,11.54,12.64,0.32
1673064000,3,397.21,25.48,47.98,3.62,133.51,12.7,14.08,0.44
1673067600,3,447.27,39.79,45.24,9.03,144.96,16.72,18.4,0.55
1673071200,3,527.38,59.01,44.55,12.52,173.57,23.81,25.79,0.44
1673074800,3,700.95,89.41,52.09,12.34,225.07,36.06,38.64,0.21
1673078400,4,827.79,110.86,61.01,10.19,251.77,45.54,48.54,0.06
1673082000,3,841.14,109.97,63.75,8.58,234.6,46.82,49.84,0.0
1673085600,4,854.49,109.97,65.8,5.45,211.72,54.07,57.25,0.0
1673089200,4,854.49,105.5,67.17,2.12,244.14,61.62,65.24,0.23
1673092800,4,747.68,85.83,66.49,0.08,240.33,58.27,61.98,0.82
1673096400,3,574.11,56.33,60.32,0.0,200.27,47.81,51.2,1.17
1673100000,3,433.92,33.08,54.15,0.06,154.5,37.44,40.5,1.16
1673103600,3,343.8,15.87,50.04,0.77,108.72,26.65,29.25,0.94
1673107200,2,280.38,2.74,42.5,9.21,49.11,15.06,16.89,0.5
1673110800,2,283.72,1.01,43.18,14.48,41.01,13.12,14.67,0.4
1673114400,2,340.46,3.13,56.89,5.99,54.84,15.91,17.52,0.42
1673118000,3,447.27,11.62,74.03,0.59,72.48,22.28,24.32,0.43
1673121600,3,447.27,12.07,71.97,0.67,56.74,19.77,21.75,0.37
1673125200,2,373.84,7.04,59.63,2.06,44.82,12.84,14.28,0.31
1673128800,2,323.77,4.81,50.72,3.0,42.92,9.18,10.24,0.32
1673132400,2,303.75,5.53,45.93,2.64,48.64,8.48,9.47,0.38
1673136000,2,300.41,6.71,42.5,2.19,59.6,9.1,10.23,0.46
1673139600,3,330.45,15.87,42.84,0.44,102.04,16.66,18.37,0.77
1673143200,3,387.19,29.5,42.84,0.04,144.96,26.39,28.95,1.17
1673146800,3,427.25,38.89,43.87,0.1,175.48,33.25,36.64,1.44
1673150400,3,393.87,35.32,39.41,7.06,160.22,29.44,32.9,1.31
1673154000,3,373.84,35.32,34.62,19.31,154.5,26.36,29.33,1.17
1673157600,3,393.87,40.68,33.59,27.18,160.22,27.27,29.78,0.97
1673161200,3,383.85,27.72,36.67,50.78,162.12,8.84,10.07,0.3
1673164800,3,383.85,25.93,37.01,54.36,152.59,8.67,9.94,0.26
1673168400,3,387.19,25.93,41.13,51.5,156.4,9.07,10.39,0.25
1673172000,3,427.25,26.15,56.21,38.62,185.01,11.18,12.61,0.25
1673175600,3,467.3,20.12,78.83,18.42,209.81,12.87,14.45,0.3
1673179200,3,460.62,8.94,91.85,2.75,204.09,13.05,14.75,0.35
1673182800,3,440.6,5.36,87.74,2.91,185.01,12.77,14.44,0.29
1673186400,3,427.25,3.8,82.94,4.74,173.57,13.14,14.8,0.2
1673190000,3,410.56,1.82,75.4,10.28,154.5,13.18,14.89,0.05
1673193600,3,363.83,0.38,60.32,24.32,121.12,10.38,11.87,0.0
1673197200,3,323.77,0.07,45.93,38.98,96.32,7.38,8.53,0.0
1673200800,3,300.41,0.02,36.33,50.07,82.97,5.55,6.51,0.0
1673204400,3,330.45,0.27,49.35,32.19,88.69,8.69,9.85,0.1
1673208000,3,350.48,2.96,63.06,7.78,117.3,12.66,14.14,0.32
1673211600,3,337.12,9.83,59.63,1.13,127.79,13.39,15.01,0.47
1673215200,3,343.8,20.79,53.47,0.13,150.68,15.1,16.78,0.54
1673218800,3,403.88,37.55,52.09,0.01,202.18,19.83,21.67,0.56
1673222400,4,540.73,63.48,58.26,0.0,270.84,30.93,33.09,0.56
1673226000,4,660.9,50.96,98.71,0.0,316.62,30.33,32.65,0.0
1673229600,4,694.27,51.86,104.19,0.0,312.81,37.59,40.1,0.0
1673233200,4,727.65,59.01,104.19,0.07,328.06,42.34,44.83,0.0
1673236800,4,680.92,56.33,97.33,2.95,305.18,40.0,42.21,0.0
1673240400,4,654.22,59.01,87.74,8.67,282.29,38.6,40.6,0.0
1673244000,4,660.9,67.06,81.57,12.87,289.92,38.96,40.93,0.0
1673247600,5,747.68,87.62,80.2,14.13,350.95,42.03,44.05,0.0
1673251200,5,814.44,102.82,78.14,15.56,381.47,44.4,46.58,0.0
1673254800,4,741.0,89.41,71.29,18.42,331.88,39.98,42.25,0.0
1673258400,4,667.57,71.53,69.92,14.66,286.1,35.39,37.68,0.0
1673262000,4,600.81,54.54,72.66,5.72,255.58,30.11,32.3,0.0
1673265600,3,520.71,37.1,71.29,0.28,213.62,23.53,25.52,0.01
1673269200,3,447.27,24.81,64.43,0.13,177.38,18.08,19.75,0.0
1673272800,3,447.27,25.93,63.75,0.09,185.01,17.65,19.27,0.03
1673276400,3,514.03,33.08,73.34,0.03,226.97,20.39,22.16,0.18
1673280000,4,560.76,35.76,85.68,0.02,259.4,20.81,22.58,0.36
1673283600,4,580.79,35.32,93.22,0.02,289.92,19.16,20.75,0.51
1673287200,4,607.49,34.42,98.71,0.02,308.99,17.07,18.5,0.58
1673290800,4,580.79,26.38,97.33,0.11,286.1,14.6,15.89,0.58
1673294400,3,514.03,15.87,90.48,0.56,240.33,12.12,13.31,0.53
1673298000,3,460.62,9.16,82.94,1.92,202.18,10.18,11.32,0.49
1673301600,3,453.95,12.52,77.46,0.79,181.2,12.01,13.2,0.59
1673305200,3,494.0,22.8,73.34,0.14,177.38,16.29,17.71,0.75
1673308800,3,534.06,33.08,71.97,0.04,190.73,21.76,23.54,0.94
1673312400,4,660.9,60.8,75.4,0.0,267.03,42.15,44.79,1.54
1673316000,5,894.55,106.39,85.68,0.0,385.28,74.27,78.18,2.5
1673319600,5,1174.93,155.57,98.71,0.01,518.8,106.11,111.28,3.55
1673323200,5,1348.5,187.75,105.56,0.29,602.72,130.42,136.63,4.18
1673326800,5,1482.01,214.58,109.67,1.16,656.13,146.11,153.09,4.43
1673330400,5,1535.42,223.52,109.67,2.44,656.13,145.41,152.91,4.31
1673334000,5,1361.85,184.18,104.19,2.91,526.43,112.64,119.85,3.39
1673337600,5,1068.12,126.96,91.85,3.49,385.28,75.05,81.09,2.37
1673341200,4,867.84,94.77,80.88,3.4,324.25,51.92,56.73,1.77
1673344800,4,747.68,74.21,76.09,3.04,297.55,38.48,41.87,1.42
1673348400,4,694.27,66.16,68.55,1.15,282.29,33.55,36.22,1.3
1673352000,4,700.95,72.42,63.75,0.06,312.81,31.42,34.1,1.31
1673355600,5,727.65,76.0,66.49,0.0,370.03,26.18,28.87,1.28
1673359200,5,854.49,101.92,70.6,0.0,457.76,33.47,36.12,1.65
1673362800,5,974.66,126.96,74.71,0.0,541.69,39.75,42.18,1.98
1673366400,5,1041.41,141.26,80.2,0.0,587.46,43.13,45.38,2.15
1673370000,5,1134.87,159.14,89.11,0.0,648.5,44.31,46.18,2.22
1673373600,5,1201.63,164.51,97.33,0.0,679.02,41.53,43.12,2.18
1673377200,5,974.66,112.65,95.96,0.0,549.32,29.69,30.87,1.57
1673380800,5,921.25,103.71,94.59,0.0,526.43,26.05,27.1,1.39
1673384400,5,894.55,97.45,94.59,0.0,495.91,23.88,24.84,1.28
1673388000,5,867.84,90.3,94.59,0.0,469.21,22.65,23.53,1.2
1673391600,5,854.49,86.72,95.96,0.0,457.76,23.28,24.14,1.2
1673395200,5,847.82,83.15,98.71,0.0,442.5,24.32,25.33,1.22
1673398800,5,814.44,72.42,97.33,0.0,396.73,24.78,25.95,1.14
1673402400,4,747.68,63.48,89.11,0.0,335.69,23.58,24.83,1.03
1673406000,4,700.95,60.8,81.57,0.04,312.81,23.09,24.41,1.0
1673409600,4,667.57,61.69,74.03,1.48,305.18,23.12,24.49,1.01
1673413200,4,660.9,67.06,67.17,5.23,320.43,24.03,25.52,1.06
1673416800,4,667.57,72.42,63.06,10.91,328.06,24.36,25.96,1.08
1673420400,5,767.71,90.3,69.23,12.34,389.1,27.13,29.1,1.16
1673424000,5,961.3,126.96,82.94,7.15,518.8,34.21,36.74,1.44
1673427600,5,1201.63,171.66,93.22,3.67,671.39,41.89,44.93,1.79
1673431200,5,1081.47,135.9,94.59,1.63,602.72,32.93,35.74,1.36
1673434800,5,1001.36,114.44,89.11,0.5,541.69,28.44,31.58,1.19
1673438400,5,974.66,108.18,86.37,0.03,526.43,27.45,30.52,1.19
1673442000,5,961.3,102.82,85.68,0.0,503.54,27.61,30.57,1.2
1673445600,5,961.3,103.71,82.94,0.0,503.54,28.93,31.71,1.28
1673449200,5,947.95,109.08,78.14,0.0,511.17,30.14,32.72,1.36
1673452800,5,947.95,114.44,74.03,0.0,518.8,30.13,32.6,1.38
1673456400,5,907.9,109.08,68.55,0.0,495.91,28.06,30.88,1.28
1673460000,5,801.09,88.51,61.01,0.0,423.43,23.21,26.58,1.08
1673463600,5,807.76,82.25,58.95,0.0,419.62,23.07,26.88,1.08
1673467200,5,867.84,83.15,63.06,0.0,446.32,24.88,28.43,1.09
1673470800,5,854.49,82.25,69.92,0.0,427.25,24.87,27.7,1.03
1673474400,5,834.47,80.47,77.46,0.0,400.54,24.4,26.5,1.0
1673478000,5,801.09,74.21,82.25,0.0,381.47,22.67,24.2,0.92
1673481600,5,747.68,60.8,79.51,0.0,350.95,20.34,21.57,0.76
1673485200,4,767.71,66.16,78.14,0.0,278.47,31.02,32.25,0.98
1673488800,4,881.2,91.2,91.85,0.0,259.4,50.69,52.25,1.54
1673492400,4,988.01,110.86,108.3,0.1,308.99,65.13,66.82,1.96
1673496000,5,1014.71,118.02,115.16,5.81,358.58,69.27,71.38,2.09
1673499600,4,1054.76,137.69,104.19,18.95,347.14,70.67,73.6,2.09
1673503200,5,1188.28,171.66,95.96,26.11,377.66,77.73,80.79,2.18
1673506800,5,1335.14,218.15,89.11,23.25,518.8,80.02,82.96,2.18
1673510400,5,1548.77,261.07,95.96,21.1,549.32,103.89,107.64,2.34
1673514000,5,1562.12,261.07,101.45,18.24,617.98,114.58,118.76,2.25
1673517600,5,1562.12,257.49,105.56,12.16,679.02,120.16,124.59,2.31
1673521200,5,1575.47,257.49,111.04,4.11,617.98,118.37,122.79,2.34
1673524800,5,1508.71,246.76,111.04,0.18,579.83,106.19,110.42,2.28
1673528400,5,1295.09,207.42,102.82,0.0,488.28,97.76,102.02,2.25
1673532000,5,1081.47,169.87,94.59,0.0,431.06,101.06,106.12,2.31
1673535600,5,907.9,132.32,91.85,0.0,400.54,97.79,103.96,2.12
1673539200,5,734.33,91.2,90.48,0.0,339.51,82.61,88.99,1.69
1673542800,4,647.54,71.53,85.68,0.0,293.73,70.15,75.71,1.47
1673546400,4,647.54,71.53,82.25,0.0,274.66,64.17,68.83,1.44
1673550000,4,634.19,71.53,71.97,0.0,347.14,31.61,33.89,1.11
1673553600,5,821.11,106.39,81.57,0.0,442.5,40.68,43.31,1.52
1673557200,5,1014.71,139.47,91.85,0.0,526.43,50.42,53.41,1.92
1673560800,5,1134.87,157.36,98.71,0.0,534.06,57.36,60.69,2.15
1673564400,5,1174.93,164.51,102.82,0.0,503.54,59.86,63.52,2.22
1673568000,5,988.01,119.81,100.08,0.0,385.28,48.77,52.48,1.76
1673571600,3,620.84,58.11,78.83,0.02,223.16,29.97,32.88,1.04
1673575200,3,473.98,42.47,63.06,0.07,183.11,24.56,26.97,0.88
1673578800,3,467.3,47.39,58.95,0.2,209.81,26.55,28.96,1.0
1673582400,3,500.68,58.11,54.84,7.15,238.42,29.68,32.21,1.12
1673586000,4,694.27,102.82,57.58,15.38,343.32,45.23,48.43,1.63
1673589600,5,1161.58,191.33,75.4,18.6,564.58,78.82,83.56,2.63
1673593200,5,1655.58,271.8,100.08,20.38,747.68,117.14,124.31,3.32
1673596800,5,1895.9,314.71,116.53,20.38,839.23,137.84,146.53,3.07
1673600400,5,2109.53,350.48,134.35,16.99,930.79,153.8,163.29,2.63
1673604000,5,2323.15,382.66,153.54,10.82,1083.37,171.17,181.37,2.47
1673607600,5,2349.85,382.66,168.62,3.71,1144.41,182.95,194.18,2.72
1673611200,5,2056.12,311.14,168.62,0.18,991.82,168.71,180.36,2.6
1673614800,5,1735.69,246.76,165.88,0.0,846.86,154.29,165.8,2.37
1673618400,5,1895.9,275.37,175.48,0.0,946.04,176.08,188.76,3.04
1673622000,5,2243.04,332.59,191.93,0.0,1052.86,206.65,222.13,4.12
1673625600,5,2269.74,325.44,183.7,0.0,717.16,211.17,228.01,4.18
1673629200,5,2243.04,318.29,180.96,0.0,518.8,217.55,234.42,4.12
1673632800,5,2109.53,296.83,178.22,0.0,427.25,205.71,221.84,3.39
1673636400,5,1842.5,246.76,174.11,0.0,389.1,171.62,185.87,2.34
1673640000,5,1708.98,227.09,172.73,0.0,377.66,152.88,166.02,1.95
1673643600,5,1789.09,239.61,175.48,0.0,373.84,152.47,165.36,2.03
1673647200,5,1895.9,253.92,180.96,0.0,438.69,150.06,162.94,2.37
1673650800,5,1922.61,253.92,180.96,0.0,534.06,136.0,149.62,2.53
1673654400,5,1976.01,264.64,189.19,0.0,694.27,132.12,146.59,2.69
1673658000,5,1976.01,250.34,202.89,0.0,1007.08,111.44,125.46,2.79
1673661600,5,1735.69,202.06,197.41,0.0,869.75,98.09,109.78,2.28
1673665200,5,1415.25,150.2,172.73,0.16,679.02,79.61,88.5,1.8
1673668800,5,1094.82,111.76,134.35,8.85,488.28,61.45,67.91,1.39
1673672400,5,921.25,101.03,100.08,25.75,385.28,52.77,57.94,1.16
1673676000,5,881.2,102.82,82.94,36.12,350.95,51.67,56.36,1.01
1673679600,5,961.3,121.59,84.31,36.84,389.1,58.95,63.87,0.96
1673683200,5,1148.22,157.36,95.96,32.54,473.02,74.82,80.22,0.97
1673686800,5,1401.9,200.27,112.41,25.39,579.83,96.0,101.92,0.95
1673690400,5,1762.39,253.92,141.2,15.74,595.09,136.2,143.17,1.22
1673694000,5,1869.2,264.64,154.91,5.59,465.39,158.65,166.16,1.6
1673697600,5,1548.77,202.06,142.57,0.28,331.88,136.12,143.38,1.54
1673701200,5,1054.76,118.02,116.53,0.0,232.7,98.11,104.45,1.19
1673704800,5,974.66,109.97,109.67,0.0,204.09,100.25,106.32,1.42
1673708400,5,1295.09,160.93,126.12,0.0,263.21,140.73,148.12,2.37
1673712000,5,1588.82,200.27,143.95,0.0,316.62,168.0,176.97,3.07
1673715600,5,1575.47,198.48,141.2,0.0,282.29,166.05,174.73,3.04
1673719200,5,1308.44,150.2,127.49,0.0,207.9,133.08,140.15,2.22
1673722800,5,934.6,86.72,108.3,0.0,156.4,85.28,90.36,1.22
1673726400,4,821.11,70.63,102.82,0.0,154.5,69.15,73.32,1.03
1673730000,5,934.6,88.51,109.67,0.0,183.11,81.29,85.92,1.47
1673733600,5,1121.52,112.65,119.27,0.0,223.16,102.75,108.93,2.25
1673737200,5,1161.58,119.81,117.9,0.0,234.6,103.84,110.51,2.47
1673740800,5,1161.58,121.59,116.53,0.0,267.03,97.18,103.94,2.37
1673744400,5,1348.5,141.26,149.43,0.0,572.2,87.71,95.26,2.37
1673748000,5,1134.87,96.56,145.32,0.0,473.02,70.52,76.23,1.77
1673751600,4,827.79,55.88,126.12,0.35,331.88,48.2,51.89,1.16
1673755200,3,594.14,40.23,90.48,16.09,225.07,32.62,35.07,0.77
1673758800,3,614.17,58.11,70.6,32.19,244.14,34.42,36.72,0.85
1673762400,5,867.84,110.86,74.71,30.76,381.47,53.28,56.17,1.27
1673766000,5,1201.63,177.03,87.05,26.11,556.95,81.22,85.75,1.58
1673769600,5,1361.85,205.64,95.96,23.96,625.61,96.74,102.23,1.3
1673773200,5,1335.14,196.7,98.71,21.46,587.46,96.79,102.12,0.74
1673776800,5,1201.63,166.3,102.82,16.81,549.32,80.56,85.28,0.18
1673780400,5,1214.98,162.72,112.41,6.62,556.95,80.06,84.53,0.34
1673784000,5,1321.79,184.18,123.38,0.33,595.09,87.13,91.87,0.84
1673787600,5,1308.44,177.03,123.38,0.0,469.21,97.32,102.08,1.44
1673791200,5,1214.98,162.72,117.9,0.0,328.06,108.17,112.96,1.84
1673794800,5,1134.87,148.42,116.53,0.0,259.4,113.23,118.32,1.87
1673798400,5,961.3,111.76,112.41,0.0,209.81,100.47,105.62,1.52
1673802000,5,867.84,94.77,109.67,0.0,190.73,91.17,95.89,1.36
1673805600,5,921.25,101.03,112.41,0.0,204.09,93.01,97.45,1.47
1673809200,5,1108.17,123.38,126.12,0.0,293.73,102.48,107.47,1.82
1673812800,5,1081.47,119.81,122.01,0.0,274.66,94.76,99.32,1.73
1673816400,4,881.2,90.3,105.56,0.0,213.62,71.23,74.78,1.3
1673820000,4,700.95,67.06,90.48,0.0,171.66,53.31,56.17,1.01
1673823600,3,627.52,59.9,82.94,0.0,154.5,46.89,49.6,0.95
1673827200,3,594.14,57.22,78.83,0.0,148.77,45.56,48.31,1.0
1673830800,4,640.87,70.63,78.14,0.0,171.66,60.12,63.42,1.41
1673834400,5,881.2,112.65,87.74,0.0,242.23,95.43,99.93,2.34
1673838000,5,1228.33,162.72,106.93,0.09,331.88,137.4,143.65,3.64
1673841600,5,1348.5,177.03,111.04,3.98,385.28,145.26,152.47,4.5
1673845200,5,1375.2,194.91,98.71,11.35,415.8,146.1,153.52,4.94
1673848800,5,1321.79,196.7,85.0,16.81,419.62,138.8,145.83,4.5
1673852400,5,1281.74,191.33,82.94,20.74,595.09,102.62,109.08,3.42
1673856000,5,1174.93,173.45,78.14,22.35,556.95,93.32,99.18,2.15
1673859600,5,974.66,139.47,69.92,21.46,453.95,77.63,82.71,1.39
1673863200,5,881.2,119.81,68.55,15.91,350.95,78.51,83.63,1.44
1673866800,5,961.3,126.96,78.83,6.26,312.81,95.85,101.71,2.12
1673870400,5,1148.22,150.2,94.59,0.35,328.06,121.54,128.32,3.2
1673874000,5,1188.28,157.36,100.08,0.0,316.62,137.42,144.8,4.18
1673877600,5,1001.36,126.96,87.74,0.0,247.96,124.95,131.75,3.86
1673881200,5,674.25,71.53,71.97,0.01,158.31,84.88,90.18,2.37
1673884800,3,370.5,15.65,58.95,1.81,91.55,38.72,42.07,1.08
1673888400,3,373.84,11.29,66.49,2.03,105.86,36.37,39.24,1.03
1673892000,4,567.44,34.87,85.0,0.05,175.48,59.41,63.35,2.03
1673895600,5,794.41,59.9,105.56,0.0,255.58,80.51,86.04,3.58
1673899200,5,847.82,70.63,105.56,0.0,301.36,76.12,81.92,4.5
1673902800,4,881.2,82.25,101.45,0.0,347.14,70.05,75.73,5.0
1673906400,4,821.11,77.78,91.85,0.0,312.81,61.47,66.39,4.5
1673910000,3,607.49,45.15,73.34,0.05,192.64,42.64,46.23,3.13
1673913600,3,377.18,13.3,54.15,2.28,101.09,22.81,25.25,1.76
1673917200,2,320.43,6.31,47.98,5.41,79.15,22.12,24.25,1.16
1673920800,3,417.23,24.14,54.84,0.61,116.35,40.36,43.05,1.47
1673924400,5,660.9,73.31,65.8,0.12,204.09,78.31,82.28,2.47
1673928000,5,934.6,130.53,76.77,4.07,289.92,119.8,125.15,3.42
1673931600,5,907.9,135.9,67.17,11.98,270.84,115.51,120.66,3.07
1673935200,5,667.57,94.77,50.04,22.17,204.09,79.66,83.8,2.01
1673938800,3,467.3,59.01,40.78,34.69,232.7,31.23,34.21,1.36
1673942400,4,514.03,66.16,46.61,36.12,267.03,33.1,36.06,1.35
1673946000,5,814.44,116.23,69.92,26.11,438.69,55.92,59.68,1.74
1673949600,5,1308.44,193.12,106.93,14.66,587.46,111.93,117.89,2.37
1673953200,5,1468.66,212.79,122.01,5.01,503.54,141.47,148.4,2.75
1673956800,5,1228.33,171.66,106.93,0.3,354.77,123.13,129.58,2.69
1673960400,5,894.55,116.23,86.37,0.0,251.77,95.73,101.52,2.34
1673964000,5,881.2,119.81,85.0,0.0,263.21,105.7,111.94,2.6
1673967600,5,1174.93,169.87,104.19,0.0,366.21,149.92,158.43,3.61
1673971200,5,1415.25,202.06,123.38,0.0,419.62,178.98,190.45,4.24
1673974800,5,1335.14,178.81,124.75,0.0,377.66,158.92,170.29,3.74
1673978400,5,1054.76,123.38,112.41,0.0,308.99,107.83,116.53,2.63
1673982000,4,727.65,67.06,94.59,0.0,234.6,58.81,64.21,1.55
1673985600,3,594.14,47.39,82.94,0.01,188.83,41.75,45.49,1.19
1673989200,3,640.87,51.41,85.0,0.01,200.27,45.1,49.08,1.36
1673992800,4,767.71,68.84,91.85,0.0,221.25,59.03,64.12,1.77
1673996400,4,767.71,70.63,87.74,0.0,192.64,59.85,64.67,1.76
1674000000,4,654.22,59.9,75.4,0.01,154.5,50.9,54.69,1.47
1674003600,3,567.44,51.86,65.8,0.01,141.14,49.25,52.74,1.38
1674007200,4,540.73,48.28,63.75,0.02,143.05,51.82,55.54,1.42
1674010800,3,500.68,40.23,64.43,0.35,137.33,49.71,53.46,1.33
1674014400,3,433.92,29.06,56.89,13.59,123.98,39.27,42.55,1.03
1674018000,3,534.06,50.07,57.58,27.54,171.66,49.35,52.67,1.22
1674021600,5,854.49,105.5,69.92,26.82,297.55,84.07,88.99,1.85
1674025200,5,1214.98,166.3,86.37,24.68,495.91,109.03,116.31,2.56
1674028800,5,1241.68,171.66,90.48,24.68,534.06,108.18,115.63,2.37
1674032400,5,894.55,108.18,75.4,29.33,373.84,71.46,76.41,1.28
1674036000,3,574.11,53.64,63.06,32.9,223.16,42.93,45.96,0.73
1674039600,4,614.17,47.83,78.83,17.17,215.53,50.45,53.95,1.31
1674043200,5,834.47,68.84,106.93,1.13,282.29,76.45,81.72,2.91
1674046800,5,1001.36,90.3,117.9,0.0,324.25,99.92,106.85,4.81
1674050400,5,947.95,88.51,109.67,0.0,293.73,100.05,106.86,5.0
1674054000,4,720.98,56.33,91.85,0.03,207.9,74.77,80.06,3.64
1674057600,3,407.22,10.73,71.29,3.84,108.72,36.46,39.64,1.82
1674061200,3,397.21,6.15,77.46,5.72,111.58,36.95,39.76,1.6
1674064800,4,567.44,24.81,93.22,0.26,164.03,58.08,62.05,2.5
1674068400,5,727.65,46.04,104.19,0.0,205.99,76.11,82.05,3.17
1674072000,4,667.57,38.89,98.71,0.06,185.01,63.77,69.12,2.66
1674075600,3,453.95,10.95,78.83,4.74,119.21,34.64,37.93,1.61
1674079200,3,313.76,0.75,55.52,23.25,89.65,15.82,17.82,0.9
1674082800,3,350.48,1.16,65.8,20.56,110.63,16.98,18.86,0.89
1674086400,3,507.35,15.65,91.85,1.9,171.66,32.04,35.2,1.39
1674090000,4,687.6,49.62,95.96,0.01,230.79,55.39,60.86,2.09
1674093600,4,787.73,75.1,91.85,0.0,278.47,70.19,77.0,2.53
1674097200,5,867.84,96.56,91.85,0.14,343.32,75.82,83.01,2.79
1674100800,4,634.19,64.37,71.97,8.23,339.51,37.11,41.88,2.03
1674104400,4,473.98,46.94,53.47,27.54,251.77,24.59,27.94,1.3
1674108000,3,397.21,38.0,43.87,46.49,213.62,17.78,20.08,0.82
1674111600,3,397.21,37.1,44.55,56.51,207.9,16.5,18.35,0.63
1674115200,4,547.41,61.69,59.63,47.21,305.18,26.84,29.08,0.84
1674118800,5,921.25,121.59,87.05,29.33,518.8,58.13,61.89,1.41
1674122400,5,1361.85,185.97,112.41,15.56,625.61,113.2,119.62,2.25
1674126000,5,1508.71,207.42,124.75,5.23,549.32,142.35,149.77,2.79
1674129600,5,1295.09,168.09,116.53,0.35,381.47,124.83,131.45,2.56
1674133200,5,867.84,98.35,93.22,0.0,226.97,86.9,92.21,1.93
1674136800,5,774.38,86.72,87.74,0.0,209.81,86.98,92.12,1.99
1674140400,5,961.3,114.44,102.82,0.0,282.29,117.07,123.74,2.82
1674144000,5,1214.98,137.69,128.87,0.0,480.65,116.06,125.2,3.51
1674147600,5,1268.39,146.63,130.24,0.0,518.8,112.6,122.35,3.77
1674151200,5,1281.74,153.78,128.87,0.0,541.69,105.69,115.18,3.7
1674154800,5,1148.22,135.9,119.27,0.0,450.13,90.89,98.8,3.04
1674158400,4,807.76,79.57,95.96,0.0,251.77,63.85,69.58,1.95
1674162000,3,487.33,34.87,70.6,0.19,131.61,38.32,42.59,1.17
1674165600,3,370.5,17.43,59.63,0.66,100.14,27.78,31.31,0.89
1674169200,3,413.89,24.81,63.06,0.2,123.98,30.13,33.4,1.0
1674172800,3,587.46,51.41,78.14,0.0,186.92,44.59,48.5,1.46
1674176400,5,847.82,92.98,95.96,0.0,263.21,75.37,80.68,2.31
1674180000,5,988.01,121.59,98.71,0.0,278.47,101.68,107.99,2.94
1674183600,5,867.84,103.71,89.11,0.15,232.7,94.9,101.93,2.72
1674187200,4,660.9,69.74,75.4,6.97,198.36,69.69,77.17,2.12
1674190800,4,734.33,86.72,73.34,19.13,251.77,74.77,82.44,2.28
1674194400,5,1068.12,151.99,84.31,21.64,385.28,113.58,121.72,3.01
1674198000,5,1815.8,286.1,116.53,19.13,938.42,141.3,153.4,3.7
1674201600,5,2029.42,325.44,127.49,18.6,1022.34,157.4,170.92,2.94
1674205200,5,2029.42,321.87,142.57,18.06,1037.6,159.85,173.95,1.6
1674208800,5,1789.09,264.64,149.43,15.02,808.72,149.35,163.16,0.65
1674212400,5,1548.77,205.64,150.8,7.15,556.95,138.42,151.67,0.61
1674216000,5,1295.09,151.99,148.06,0.65,434.88,118.58,130.72,0.76
1674219600,5,1068.12,110.86,141.2,0.0,347.14,99.87,109.51,0.9
1674223200,5,907.9,92.98,130.24,0.0,289.92,90.09,97.56,1.12
1674226800,5,894.55,99.24,124.75,0.0,289.92,92.97,99.63,1.39
1674230400,5,1028.06,130.53,127.49,0.0,625.61,60.37,67.42,0.99
1674234000,5,988.01,123.38,122.01,0.0,587.46,56.74,63.41,1.08
1674237600,5,1054.76,134.11,127.49,0.0,633.24,59.94,67.03,1.3
1674241200,5,1148.22,146.63,134.35,0.0,656.13,64.44,72.55,1.55
1674244800,5,1161.58,146.63,131.61,0.0,617.98,63.95,72.3,1.65
1674248400,5,1081.47,132.32,124.75,0.0,534.06,57.8,65.26,1.54
1674252000,5,894.55,93.88,109.67,0.0,377.66,46.6,52.03,1.2
1674255600,4,660.9,57.22,90.48,0.01,263.21,34.33,38.2,0.93
1674259200,3,494.0,33.53,76.77,0.08,198.36,26.27,29.28,0.78
1674262800,3,447.27,27.27,71.29,0.14,179.29,29.46,32.46,0.89
1674266400,3,480.65,33.53,71.97,0.06,188.83,37.74,41.09,1.12
1674270000,3,540.73,46.04,74.71,0.32,205.99,45.72,49.29,1.35
1674273600,3,574.11,55.88,69.92,9.66,219.35,42.73,45.93,1.25
1674277200,3,587.46,66.16,59.63,22.89,217.44,44.9,47.82,1.22
1674280800,3,634.19,77.78,58.26,30.76,247.96,48.64,51.53,1.16
1674284400,5,1308.44,200.27,105.56,25.75,823.97,65.65,70.7,1.44
1674288000,5,1295.09,198.48,105.56,26.11,801.09,67.02,72.0,0.77
1674291600,5,934.6,132.32,84.31,27.54,549.32,48.23,51.86,0.18
1674295200,5,694.27,87.62,74.03,25.03,404.36,33.92,36.55,0.1
1674298800,5,654.22,72.42,79.51,13.05,385.28,29.67,31.89,0.24
1674302400,5,647.54,57.22,87.74,1.42,370.03,27.14,29.16,0.43
1674306000,5,654.22,60.8,91.85,0.0,385.28,28.07,30.0,0.55
1674309600,5,801.09,92.09,101.45,0.0,488.28,37.48,39.82,0.91
1674313200,5,1041.41,134.11,115.16,0.0,625.61,51.01,54.05,1.3
1674316800,5,988.01,130.53,106.93,0.0,541.69,58.0,61.85,1.44
1674320400,5,747.68,92.98,84.31,0.0,381.47,53.12,57.38,1.41
1674324000,4,547.41,57.22,68.55,0.01,267.03,39.29,43.08,1.2
1674327600,3,410.56,31.74,61.01,0.11,192.64,27.57,30.69,0.97
1674331200,3,380.52,23.92,60.32,0.19,171.66,24.55,27.43,0.93
1674334800,3,427.25,30.4,63.75,0.06,188.83,28.19,31.39,1.03
1674338400,5,821.11,92.98,89.11,0.0,453.95,40.77,46.93,1.35
1674342000,5,881.2,103.71,94.59,0.0,465.39,44.34,51.53,1.44
1674345600,5,821.11,95.67,90.48,0.0,411.99,39.92,46.84,1.33
1674349200,4,667.57,66.16,81.57,0.0,286.1,33.09,38.52,1.11
1674352800,3,507.35,37.55,71.29,0.09,183.11,27.96,31.7,0.93
1674356400,3,387.19,16.54,63.75,2.37,123.98,22.9,25.52,0.78
1674360000,3,307.08,10.95,42.16,32.19,85.83,16.69,18.64,0.56
1674363600,3,303.75,14.19,32.22,59.37,84.88,15.48,17.26,0.48
1674367200,3,340.46,19.89,32.56,67.23,103.0,17.54,19.39,0.47
1674370800,3,427.25,32.63,42.16,61.51,167.85,19.76,21.63,0.48
1674374400,3,520.71,46.04,52.78,55.07,225.07,24.71,26.73,0.51
1674378000,4,614.17,59.9,65.12,45.42,282.29,30.67,32.88,0.56
1674381600,4,761.03,75.1,82.94,31.47,331.88,45.21,48.08,0.82
1674385200,4,854.49,80.47,98.71,14.48,320.43,61.41,65.15,1.2
1674388800,4,881.2,79.57,108.3,1.45,282.29,72.25,76.55,1.58
1674392400,4,801.09,66.16,102.82,0.0,225.07,73.05,77.32,1.65
1674396000,4,734.33,55.43,97.33,0.0,194.55,71.08,75.21,1.52
1674399600,4,734.33,53.2,95.96,0.0,196.46,70.31,74.6,1.39
1674403200,4,714.3,50.07,93.22,0.0,196.46,67.03,71.33,1.25
1674406800,4,720.98,50.96,90.48,0.0,190.73,67.54,72.02,1.27
1674410400,4,720.98,49.62,89.11,0.0,185.01,65.86,70.67,1.25
1674414000,4,727.65,50.96,89.11,0.0,192.64,62.76,67.82,1.27
1674417600,4,754.36,58.11,89.11,0.0,213.62,61.68,66.74,1.35
1674421200,4,787.73,67.06,89.11,0.0,242.23,60.74,65.66,1.47
1674424800,4,674.25,46.94,83.63,0.01,293.73,32.89,36.04,0.99
1674428400,3,494.0,18.33,73.34,0.91,185.01,20.66,22.85,0.63
1674432000,3,337.12,2.26,55.52,16.45,109.67,10.88,12.28,0.38
1674435600,3,297.07,0.42,47.3,32.19,82.97,11.69,12.99,0.43
1674439200,3,343.8,1.59,61.69,20.92,96.32,21.62,23.39,0.75
1674442800,3,413.89,8.49,77.46,7.15,123.98,34.29,36.66,1.12
1674446400,3,460.62,27.27,66.49,19.13,141.14,42.43,45.22,1.3
1674450000,4,607.49,60.8,63.06,26.46,202.18,58.21,61.54,1.61
1674453600,5,854.49,104.61,67.86,25.75,308.99,80.01,84.68,2.01
1674457200,5,988.01,123.38,71.97,27.54,400.54,84.45,91.08,2.37
1674460800,5,1041.41,134.11,76.77,26.46,457.76,86.63,94.11,2.6
1674464400,5,1148.22,151.99,85.0,21.64,518.8,92.29,99.83,2.47
1674468000,5,1241.68,166.3,93.22,14.84,476.84,108.01,115.46,2.31
1674471600,5,1268.39,164.51,102.82,6.53,476.84,120.67,128.33,2.6
1674475200,5,1041.41,121.59,100.08,0.67,392.91,105.33,112.1,2.47
1674478800,5,787.73,82.25,90.48,0.0,312.81,88.06,93.8,2.28
1674482400,5,934.6,105.5,102.82,0.0,373.84,115.95,122.91,3.1
1674486000,5,1241.68,135.9,128.87,0.0,438.69,155.98,166.17,4.24
1674489600,5,1201.63,121.59,124.75,0.0,358.58,149.68,161.18,3.96
1674493200,5,1174.93,126.96,117.9,0.0,305.18,151.08,161.87,3.7
1674496800,5,1081.47,110.86,112.41,0.0,238.42,134.33,143.41,3.13
1674500400,5,801.09,64.37,95.96,0.0,156.4,88.27,94.67,2.09
1674504000,4,587.46,39.34,80.88,0.03,127.79,57.1,61.53,1.44
1674507600,3,520.71,35.32,76.09,0.04,135.42,46.15,49.79,1.28
1674511200,3,587.46,46.49,84.31,0.01,198.36,45.86,49.98,1.44
1674514800,4,727.65,71.53,91.85,0.0,240.33,56.76,61.54,1.76
1674518400,4,907.9,104.61,98.71,0.0,282.29,72.96,78.72,2.15
1674522000,5,1148.22,150.2,108.3,0.0,347.14,104.64,112.18,2.85
1674525600,5,1401.9,193.12,117.9,0.0,427.25,132.67,141.5,3.51
1674529200,5,1575.47,223.52,126.12,0.13,541.69,140.44,149.99,3.89
1674532800,5,1188.28,153.78,116.53,5.59,724.79,59.95,65.81,2.63
1674536400,5,1174.93,160.93,111.04,16.27,740.05,61.5,66.98,2.5
1674540000,5,1228.33,171.66,106.93,24.32,732.42,70.13,75.42,2.09
1674543600,5,1255.04,177.03,102.82,26.46,724.79,76.2,81.41,1.5
1674547200,5,1241.68,171.66,102.82,25.75,701.9,77.88,82.83,0.92
1674550800,5,1161.58,151.99,101.45,23.6,640.87,75.33,79.87,0.49
1674554400,5,1094.82,135.9,98.71,22.53,587.46,71.68,76.02,0.44
1674558000,5,1014.71,114.44,106.93,11.62,556.95,63.08,67.07,0.61
1674561600,5,907.9,86.72,120.64,1.45,518.8,51.91,55.2,0.73
1674565200,5,774.38,58.11,115.16,0.0,415.8,41.56,44.13,0.7
1674568800,5,707.63,44.7,105.56,0.01,354.77,35.56,37.8,0.78
1674572400,4,660.9,36.21,98.71,0.03,324.25,31.84,33.77,0.79
1674576000,4,560.76,17.21,104.19,0.51,282.29,26.38,27.99,0.6
1674579600,4,514.03,12.96,102.82,0.7,267.03,24.1,25.56,0.55
1674583200,4,507.35,11.4,101.45,0.96,259.4,22.63,24.01,0.53
1674586800,4,507.35,10.62,101.45,1.08,259.4,21.82,23.19,0.51
1674590400,4,500.68,8.38,101.45,1.83,251.77,20.49,21.77,0.49
1674594000,3,480.65,5.64,100.08,3.71,240.33,19.29,20.52,0.46
1674597600,4,494.0,6.09,97.33,3.31,251.77,19.36,20.61,0.47
1674601200,4,520.71,8.72,100.08,1.92,274.66,20.24,21.61,0.51
1674604800,4,547.41,13.08,101.45,0.86,286.1,20.94,22.52,0.53
1674608400,4,574.11,19.45,102.82,0.32,297.55,22.21,23.96,0.59
1674612000,4,614.17,29.5,102.82,0.07,328.06,24.67,26.63,0.7
1674615600,5,660.9,43.81,101.45,0.6,370.03,27.53,29.79,0.85
1674619200,5,794.41,84.04,94.59,9.12,469.21,35.74,38.71,1.22
1674622800,5,1081.47,151.99,95.96,16.63,671.39,52.27,56.08,1.82
1674626400,5,1535.42,236.03,109.67,19.31,976.56,77.06,81.94,2.37
1674630000,5,2082.82,332.59,131.61,19.31,1312.26,106.61,113.2,2.53
1674633600,5,2456.67,386.24,149.43,19.13,1480.1,128.43,135.82,1.92
1674637200,5,2429.96,350.48,150.8,18.24,1342.77,127.58,134.11,0.89
1674640800,5,2296.45,307.56,148.06,13.95,1022.34,134.31,140.53,0.62
1674644400,5,2349.85,318.29,160.4,5.72,839.23,160.79,167.7,1.19
1674648000,5,2376.56,329.02,169.99,0.55,701.9,182.81,190.38,2.03
1674651600,5,2216.34,303.98,168.62,0.0,564.58,191.45,199.08,2.66
1674655200,5,2002.72,275.37,163.14,0.0,480.65,194.43,201.83,3.04
1674658800,5,1922.61,261.07,161.77,0.0,473.02,195.42,202.69,3.26
1674662400,5,1708.98,232.46,152.17,0.0,419.62,179.0,185.77,2.94
1674666000,5,1415.25,184.18,134.35,0.0,297.55,152.89,159.17,2.41
1674669600,5,1028.06,121.59,108.3,0.0,204.09,106.85,112.22,1.65
1674673200,4,734.33,76.0,87.05,0.0,162.12,69.8,74.24,1.16
1674676800,4,700.95,72.42,84.31,0.0,160.22,64.73,68.91,1.17
1674680400,5,907.9,102.82,98.71,0.0,200.27,85.98,90.73,1.61
1674684000,5,1188.28,137.69,122.01,0.0,244.14,115.06,120.7,2.12
1674687600,5,1228.33,143.05,124.75,0.0,232.7,116.26,121.9,2.12
1674691200,5,921.25,95.67,100.08,0.0,164.03,80.84,85.21,1.47
1674694800,3,520.71,38.0,69.92,0.13,109.67,43.05,46.0,0.89
1674698400,3,390.53,19.89,61.01,0.85,102.04,33.74,36.32,0.84
1674702000,3,360.49,13.08,61.69,2.84,103.95,31.49,34.03,0.84
1674705600,3,350.48,12.18,60.32,15.38,137.33,18.87,20.64,0.56
1674709200,3,520.71,44.7,70.6,15.56,247.96,28.56,30.71,0.95
1674712800,5,921.25,118.02,90.48,12.52,457.76,59.52,63.4,1.87
1674716400,5,1295.09,182.39,100.08,20.74,610.35,88.31,95.29,2.22
1674720000,5,1428.6,205.64,106.93,19.13,694.27,98.58,107.04,1.9
1674723600,5,1495.36,219.94,112.41,15.2,747.68,100.95,109.16,1.58
1674727200,5,1415.25,200.27,113.79,11.0,663.76,96.65,103.69,1.31
1674730800,5,1522.06,214.58,123.38,4.43,640.87,112.33,119.47,1.76
1674734400,5,1708.98,243.19,139.83,0.46,671.39,135.66,143.89,2.6
1674738000,5,1789.09,253.92,146.69,0.0,617.98,158.56,167.7,3.48
1674741600,5,1815.8,261.07,146.69,0.0,572.2,184.75,194.88,4.12
1674745200,5,1735.69,243.19,145.32,0.0,549.32,191.34,202.11,4.18
1674748800,5,1308.44,159.14,126.12,0.0,411.99,146.78,156.36,3.17
1674752400,5,881.2,87.62,102.82,0.0,255.58,93.99,101.44,2.03
1674756000,4,647.54,48.73,90.48,0.01,164.03,57.81,63.34,1.35
1674759600,3,534.06,26.6,87.05,0.13,125.89,38.12,42.25,1.03
1674763200,3,487.33,17.88,85.0,0.42,118.26,30.42,33.75,0.98
1674766800,3,487.33,17.88,85.68,0.42,127.79,28.89,31.75,1.06
1674770400,3,500.68,17.66,98.71,0.61,244.14,20.15,22.6,1.35
1674774000,4,580.79,35.32,102.82,0.03,301.36,24.8,27.45,1.5
1674777600,5,680.92,56.77,105.56,0.0,370.03,30.43,33.34,1.66
1674781200,5,747.68,71.53,105.56,0.0,408.17,36.17,39.21,1.74
1674784800,5,827.79,88.51,106.93,0.0,465.39,42.46,45.64,1.88
1674788400,5,1001.36,119.81,116.53,0.27,587.46,53.75,57.52,2.28
1674792000,5,1174.93,157.36,119.27,5.72,709.53,64.74,69.27,2.69
1674795600,5,1321.79,196.7,113.79,13.95,801.09,73.34,78.07,2.91
1674799200,5,1401.9,218.15,106.93,18.95,839.23,78.7,83.16,2.69
1674802800,5,1588.82,250.34,115.16,21.28,938.42,91.51,96.42,2.37
1674806400,5,1602.17,253.92,119.27,22.17,938.42,97.34,102.73,1.61
1674810000,5,1281.74,194.91,106.93,21.82,740.05,82.24,87.42,0.65
1674813600,5,1148.22,168.09,109.67,18.42,709.53,76.55,81.78,0.05
1674817200,5,1068.12,146.63,116.53,9.12,671.39,71.98,76.92,0.03
1674820800,5,907.9,112.65,115.16,1.21,556.95,60.01,64.38,0.15
1674824400,5,707.63,67.06,108.3,0.0,415.8,43.3,46.42,0.28
1674828000,5,660.9,55.88,108.3,0.0,377.66,38.69,41.32,0.43
1674831600,5,707.63,63.48,109.67,0.0,404.36,42.1,44.9,0.67
1674835200,5,807.76,82.25,112.41,0.0,450.13,52.88,56.47,1.2
1674838800,5,867.84,96.56,109.67,0.0,457.76,59.76,63.99,1.66
1674842400,5,841.14,95.67,101.45,0.0,415.8,59.37,63.86,1.85
1674846000,4,727.65,75.1,91.85,0.0,293.73,52.96,56.9,1.55
1674849600,3,534.06,39.34,79.51,0.09,160.22,38.19,41.06,1.0
1674853200,3,370.5,9.5,64.43,3.93,85.83,23.67,25.74,0.64
1674856800,2,310.42,1.1,52.78,16.63,65.8,17.55,19.26,0.58
1674860400,2,327.11,0.87,56.89,18.95,77.25,17.92,19.56,0.7
1674864000,3,397.21,4.19,76.09,6.88,114.44,23.74,25.53,0.93
1674867600,3,560.76,24.36,94.59,0.12,198.36,38.21,40.76,1.3
1674871200,3,607.49,38.89,90.48,0.03,205.99,47.99,50.94,1.6
1674874800,3,534.06,33.97,74.71,0.94,164.03,42.71,45.74,1.55
1674878400,3,377.18,21.46,47.98,18.95,109.67,27.89,30.61,1.16
1674882000,3,387.19,29.06,40.78,33.62,125.89,28.02,30.63,1.12
1674885600,3,547.41,58.11,48.67,30.04,209.81,43.77,46.77,1.38
1674889200,5,974.66,134.11,75.4,23.96,556.95,56.46,60.7,1.73
1674892800,5,1068.12,150.2,83.63,25.39,625.61,60.88,65.48,1.38
1674896400,5,781.06,95.67,69.23,30.76,423.43,43.03,46.5,0.63
1674900000,3,467.3,40.23,53.47,41.84,219.35,21.36,23.24,0.24
1674903600,3,390.53,22.35,58.26,36.84,169.75,15.4,16.79,0.25
1674907200,3,363.83,7.6,75.4,15.91,152.59,12.88,14.1,0.35
1674910800,3,427.25,13.75,87.74,1.48,177.38,16.79,18.25,0.58
1674914400,4,607.49,43.81,97.33,0.01,259.4,29.08,31.41,1.09
1674918000,5,881.2,79.57,123.38,0.0,389.1,48.27,52.14,1.96
1674921600,5,961.3,89.41,128.87,0.0,377.66,63.04,67.69,2.44
1674925200,4,814.44,72.42,106.93,0.0,251.77,59.87,63.85,2.12
1674928800,3,574.11,40.68,81.57,0.04,143.05,39.62,42.46,1.49
1674932400,3,390.53,14.31,64.43,1.02,86.78,22.74,24.62,1.03
1674936000,3,353.81,8.27,61.69,1.7,84.88,19.14,20.71,0.97
1674939600,3,420.57,14.75,69.92,0.35,113.49,24.27,26.34,1.16
1674943200,4,620.84,32.19,91.85,0.03,270.84,31.08,36.12,1.41
1674946800,4,600.81,33.97,84.31,0.03,270.84,29.17,34.35,1.17
1674950400,3,494.0,23.69,71.97,0.24,225.07,21.02,25.09,0.89
1674954000,3,433.92,23.25,63.75,0.17,175.48,22.97,26.19,1.01
1674957600,3,460.62,34.42,60.32,0.04,158.31,35.92,39.39,1.46
1674961200,3,514.03,44.26,61.69,0.93,171.66,48.72,53.19,1.9
1674964800,3,480.65,46.49,52.78,13.05,171.66,48.65,53.61,1.87
1674968400,3,460.62,49.62,44.55,26.11,162.12,45.61,50.1,1.57
1674972000,3,473.98,55.43,43.18,32.54,173.57,44.61,48.54,1.31
1674975600,4,547.41,57.22,54.84,45.42,308.99,21.65,24.56,0.54
1674979200,4,507.35,50.07,54.84,52.21,282.29,19.63,22.16,0.28
1674982800,3,433.92,38.89,51.41,55.07,232.7,16.54,18.54,0.2
1674986400,3,534.06,45.6,63.75,42.56,230.79,29.06,31.46,0.35
1674990000,4,700.95,59.01,86.37,21.28,255.58,50.43,53.85,0.74
1674993600,4,794.41,67.06,104.19,3.58,251.77,66.83,71.09,1.2
1674997200,5,781.06,67.06,101.45,0.0,219.35,75.48,80.41,1.5
1675000800,5,700.95,59.9,90.48,0.0,181.2,77.38,82.65,1.61
1675004400,4,627.52,50.96,80.88,0.0,156.4,74.96,80.36,1.63
1675008000,4,520.71,34.42,74.71,0.07,127.79,62.72,67.73,1.46
1675011600,4,467.3,24.14,71.29,0.16,113.49,52.54,56.99,1.33
1675015200,3,453.95,21.46,67.86,0.12,105.86,45.61,49.79,1.19
1675018800,3,467.3,24.59,64.43,0.11,114.44,39.05,43.04,1.01
1675022400,3,487.33,26.15,67.17,0.15,127.79,39.39,43.48,1.14
1675026000,3,473.98,20.12,71.29,0.55,120.16,37.39,41.49,1.14
1675029600,3,480.65,16.76,78.83,0.69,123.98,37.28,41.51,1.17
1675033200,3,534.06,25.48,85.0,0.17,150.68,41.54,45.93,1.31
1675036800,4,667.57,50.07,90.48,0.01,219.35,50.93,55.74,1.55
1675040400,5,1001.36,109.08,109.67,0.0,438.69,68.7,74.78,1.88
1675044000,5,1188.28,141.26,117.9,0.0,503.54,93.12,99.64,2.37
1675047600,5,1268.39,150.2,119.27,0.03,484.47,112.92,120.35,2.88
1675051200,5,1255.04,148.42,109.67,0.46,453.95,118.96,127.2,3.45
1675054800,5,1241.68,153.78,98.71,1.34,461.58,116.45,125.07,3.99
1675058400,5,1201.63,151.99,86.37,3.31,457.76,104.72,113.45,4.05
1675062000,5,1214.98,169.87,75.4,18.95,564.58,86.35,94.85,3.13
1675065600,5,1335.14,196.7,82.25,18.06,625.61,97.64,106.26,2.44
1675069200,5,1415.25,212.79,86.37,15.02,717.16,105.83,114.73,2.31
1675072800,5,1441.96,209.21,89.11,10.73,686.65,116.19,125.56,2.75
1675076400,5,1441.96,203.85,93.22,4.38,579.83,129.08,138.92,3.32
1675080000,5,1441.96,202.06,95.96,0.5,518.8,138.2,148.39,3.42
1675083600,5,1228.33,164.51,89.11,0.0,411.99,128.62,138.69,2.82
1675087200,5,1028.06,135.9,80.88,0.0,354.77,114.16,123.41,2.37
1675090800,5,961.3,126.96,79.51,0.0,404.36,96.03,104.12,2.15
1675094400,5,854.49,109.08,82.94,0.0,476.84,62.45,68.65,1.69
1675098000,5,747.68,89.41,81.57,0.0,385.28,52.71,57.89,1.36
1675101600,4,714.3,84.04,82.25,0.0,347.14,47.71,52.19,1.23
1675105200,4,747.68,91.2,85.68,0.0,343.32,44.15,48.17,1.19
1675108800,5,827.79,108.18,87.74,0.0,362.4,42.26,45.99,1.27
1675112400,5,894.55,121.59,90.48,0.0,396.73,40.68,44.21,1.36
1675116000,5,1001.36,135.9,97.33,0.0,461.58,42.86,46.56,1.54
1675119600,5,1094.82,146.63,104.19,0.0,495.91,44.66,48.53,1.61
1675123200,5,1121.52,150.2,105.56,0.0,511.17,43.89,47.85,1.6
1675126800,5,1094.82,144.84,102.82,0.0,469.21,49.7,53.7,1.61
1675130400,5,1054.76,137.69,98.71,0.0,415.8,61.46,65.77,1.68
1675134000,5,1014.71,126.96,97.33,0.15,366.21,71.74,76.51,1.74
1675137600,4,881.2,104.61,87.74,2.64,305.18,69.38,74.44,1.68
1675141200,4,847.82,103.71,79.51,8.4,301.36,71.56,76.94,1.76
1675144800,5,974.66,128.75,78.83,13.59,362.4,84.77,91.14,1.96
1675148400,5,974.66,121.59,72.66,23.6,465.39,55.91,62.72,0.52
1675152000,5,881.2,101.03,69.23,28.97,408.17,40.01,45.85,0.2
1675155600,5,894.55,106.39,75.4,26.11,423.43,35.65,40.82,0.23
1675159200,4,741.0,69.74,76.09,31.47,324.25,28.96,32.66,0.15
1675162800,4,667.57,45.15,82.25,24.32,274.66,26.51,29.81,0.15
1675166400,3,587.46,19.0,93.22,8.23,223.16,21.87,24.8,0.22
1675170000,3,547.41,9.83,100.08,1.42,211.72,20.69,23.35,0.29
1675173600,3,600.81,19.89,102.82,0.14,247.96,24.51,27.35,0.34
1675177200,4,687.6,32.63,109.67,0.01,301.36,31.06,34.32,0.27
1675180800,4,741.0,40.23,115.16,0.01,331.88,33.61,37.02,0.16
1675184400,4,761.03,44.26,120.64,0.0,335.69,32.9,36.13,0.09
1675188000,4,754.36,42.47,128.87,0.0,320.43,30.74,33.76,0.04
